{
  "status": "completed",
  "elapsed_sec": 10.866366386413574,
  "epoch": 1,
  "total_epochs": 1,
  "global_step": 1,
  "total_optimizer_steps": 1,
  "best_metric": 0.65625,
  "best_epoch": 1,
  "patience_counter": 0,
  "current_train_loss": 0.9518106346949935,
  "current_val_metrics": {
    "epoch": 1,
    "train_loss": 0.9518106346949935,
    "train_pointwise_loss": 0.5653124304953963,
    "train_pairwise_loss": 0.669154416769743,
    "val_auc": 0.854978354978355,
    "val_accuracy": 0.78125,
    "val_f1": 0.5333333333333333,
    "val_precision": 1.0,
    "val_recall": 0.36363636363636365,
    "val_n": 32,
    "val_loss": 0.38636982813477516,
    "val_pairwise_accuracy": 0.65625,
    "val_pairwise_mean_margin": 0.10730743408203125,
    "val_pairwise_n": 32
  }
}