{
  "source_config": "configs\\verifier_capacity_push.yaml",
  "sweep": {
    "learning_rates": [
      2e-05,
      5e-05,
      7.5e-05
    ],
    "epochs": 12,
    "early_stopping_patience": 3,
    "batch_size": 8,
    "gradient_accumulation_steps": 16,
    "effective_batch_size": 128
  },
  "runs": [
    {
      "run_name": "lr_2p0em05",
      "learning_rate": 2e-05,
      "output_dir": "results\\verifier\\capacity_push\\lr_2p0em05",
      "val_auc": 0.797204641350211,
      "val_accuracy": 0.7226890756302521,
      "val_f1": 0.47619047619047616,
      "val_precision": 0.6521739130434783,
      "val_recall": 0.375,
      "eval_raw_auc": 0.7975455820476859,
      "eval_raw_log_loss": 0.5107639319082522,
      "eval_raw_ece": 0.07758484048087255,
      "best_raw_threshold": 0.35,
      "best_raw_f1": 0.656084656084656,
      "best_temp_threshold": 0.3,
      "best_temp_f1": 0.6526315789473685,
      "best_iso_threshold": 0.05,
      "best_iso_f1": 0.656084656084656
    },
    {
      "run_name": "lr_5p0em05",
      "learning_rate": 5e-05,
      "output_dir": "results\\verifier\\capacity_push\\lr_5p0em05",
      "val_auc": 0.7914732770745428,
      "val_accuracy": 0.7142857142857143,
      "val_f1": 0.4742268041237113,
      "val_precision": 0.6216216216216216,
      "val_recall": 0.38333333333333336,
      "eval_raw_auc": 0.7963534361851332,
      "eval_raw_log_loss": 0.49866862316015326,
      "eval_raw_ece": 0.0641117907106752,
      "best_raw_threshold": 0.3,
      "best_raw_f1": 0.6666666666666666,
      "best_temp_threshold": 0.3,
      "best_temp_f1": 0.6666666666666666,
      "best_iso_threshold": 0.05,
      "best_iso_f1": 0.6666666666666666
    },
    {
      "run_name": "lr_7p5em05",
      "learning_rate": 7.5e-05,
      "output_dir": "results\\verifier\\capacity_push\\lr_7p5em05",
      "val_auc": 0.7814873417721518,
      "val_accuracy": 0.7338935574229691,
      "val_f1": 0.4808743169398907,
      "val_precision": 0.6984126984126984,
      "val_recall": 0.36666666666666664,
      "eval_raw_auc": 0.7926367461430575,
      "eval_raw_log_loss": 0.49811739815732614,
      "eval_raw_ece": 0.06185930972668001,
      "best_raw_threshold": 0.35,
      "best_raw_f1": 0.6594594594594595,
      "best_temp_threshold": 0.35,
      "best_temp_f1": 0.656084656084656,
      "best_iso_threshold": 0.05,
      "best_iso_f1": 0.6594594594594595
    }
  ],
  "best_by_eval_raw_auc": {
    "run_name": "lr_2p0em05",
    "learning_rate": 2e-05,
    "output_dir": "results\\verifier\\capacity_push\\lr_2p0em05",
    "val_auc": 0.797204641350211,
    "val_accuracy": 0.7226890756302521,
    "val_f1": 0.47619047619047616,
    "val_precision": 0.6521739130434783,
    "val_recall": 0.375,
    "eval_raw_auc": 0.7975455820476859,
    "eval_raw_log_loss": 0.5107639319082522,
    "eval_raw_ece": 0.07758484048087255,
    "best_raw_threshold": 0.35,
    "best_raw_f1": 0.656084656084656,
    "best_temp_threshold": 0.3,
    "best_temp_f1": 0.6526315789473685,
    "best_iso_threshold": 0.05,
    "best_iso_f1": 0.656084656084656
  }
}