{
  "source_configs": {
    "vcsr": "configs\\vcsr.yaml",
    "base_verifier": "configs\\verifier_full.yaml"
  },
  "runs": [
    {
      "run_name": "lr_5em05",
      "learning_rate": 5e-05,
      "output_dir": "results\\verifier\\lr_sweep\\lr_5em05",
      "val_auc": 0.7777074542897329,
      "val_accuracy": 0.7254901960784313,
      "val_f1": 0.4787234042553192,
      "val_precision": 0.6617647058823529,
      "val_recall": 0.375,
      "eval_raw_auc": 0.7929172510518934,
      "eval_raw_log_loss": 0.5148545672462831,
      "eval_raw_ece": 0.0916326925640999,
      "eval_temp_log_loss": 0.5051150909751307,
      "eval_temp_ece": 0.09254645847326176,
      "eval_iso_log_loss": 0.7263980690459507,
      "eval_iso_ece": 0.07084392661564576,
      "best_raw_threshold": 0.25,
      "best_raw_f1": 0.6630434782608695,
      "best_temp_threshold": 0.3,
      "best_temp_f1": 0.6630434782608695,
      "best_iso_threshold": 0.15,
      "best_iso_f1": 0.6630434782608695
    },
    {
      "run_name": "lr_2em05",
      "learning_rate": 2e-05,
      "output_dir": "results\\verifier\\lr_sweep\\lr_2em05",
      "val_auc": 0.7751054852320676,
      "val_accuracy": 0.7226890756302521,
      "val_f1": 0.47619047619047616,
      "val_precision": 0.6521739130434783,
      "val_recall": 0.375,
      "eval_raw_auc": 0.7924964936886396,
      "eval_raw_log_loss": 0.5157680524713505,
      "eval_raw_ece": 0.0763196436862577,
      "eval_temp_log_loss": 0.5137585514163419,
      "eval_temp_ece": 0.07269228243762994,
      "eval_iso_log_loss": 0.6016099816002769,
      "eval_iso_ece": 0.053900229556857165,
      "best_raw_threshold": 0.2,
      "best_raw_f1": 0.6417112299465241,
      "best_temp_threshold": 0.25,
      "best_temp_f1": 0.6368715083798883,
      "best_iso_threshold": 0.05,
      "best_iso_f1": 0.6417112299465241
    },
    {
      "run_name": "lr_1em05",
      "learning_rate": 1e-05,
      "output_dir": "results\\verifier\\lr_sweep\\lr_1em05",
      "val_auc": 0.7196729957805907,
      "val_accuracy": 0.6834733893557423,
      "val_f1": 0.45410628019323673,
      "val_precision": 0.5402298850574713,
      "val_recall": 0.39166666666666666,
      "eval_raw_auc": 0.7246844319775596,
      "eval_raw_log_loss": 0.6030520182277055,
      "eval_raw_ece": 0.11278178334564509,
      "eval_temp_log_loss": 0.5976973656335725,
      "eval_temp_ece": 0.11107953945232531,
      "eval_iso_log_loss": 0.7449586613114325,
      "eval_iso_ece": 0.0784408051096738,
      "best_raw_threshold": 0.25,
      "best_raw_f1": 0.5990338164251208,
      "best_temp_threshold": 0.3,
      "best_temp_f1": 0.5968586387434555,
      "best_iso_threshold": 0.25,
      "best_iso_f1": 0.5961538461538461
    }
  ],
  "best_by_eval_raw_auc": {
    "run_name": "lr_5em05",
    "learning_rate": 5e-05,
    "output_dir": "results\\verifier\\lr_sweep\\lr_5em05",
    "val_auc": 0.7777074542897329,
    "val_accuracy": 0.7254901960784313,
    "val_f1": 0.4787234042553192,
    "val_precision": 0.6617647058823529,
    "val_recall": 0.375,
    "eval_raw_auc": 0.7929172510518934,
    "eval_raw_log_loss": 0.5148545672462831,
    "eval_raw_ece": 0.0916326925640999,
    "eval_temp_log_loss": 0.5051150909751307,
    "eval_temp_ece": 0.09254645847326176,
    "eval_iso_log_loss": 0.7263980690459507,
    "eval_iso_ece": 0.07084392661564576,
    "best_raw_threshold": 0.25,
    "best_raw_f1": 0.6630434782608695,
    "best_temp_threshold": 0.3,
    "best_temp_f1": 0.6630434782608695,
    "best_iso_threshold": 0.15,
    "best_iso_f1": 0.6630434782608695
  }
}