{
  "status": "completed",
  "elapsed_sec": 11.743354082107544,
  "epoch": 1,
  "total_epochs": 1,
  "global_step": 1,
  "total_optimizer_steps": 1,
  "best_metric": 0.8484848484848485,
  "best_epoch": 1,
  "patience_counter": 0,
  "current_train_loss": 0.7188910199329257,
  "current_val_metrics": {
    "epoch": 1,
    "train_loss": 0.7188910199329257,
    "train_pointwise_loss": 0.5653124304953963,
    "train_pairwise_loss": 0.6143143761437386,
    "val_auc": 0.8484848484848485,
    "val_accuracy": 0.78125,
    "val_f1": 0.5333333333333333,
    "val_precision": 1.0,
    "val_recall": 0.36363636363636365,
    "val_n": 32,
    "val_loss": 0.3934650085866451,
    "val_pairwise_accuracy": 0.78125,
    "val_pairwise_mean_margin": 0.09162139892578125,
    "val_pairwise_n": 32
  }
}