{
  "status": "completed",
  "elapsed_sec": 1041.1672399044037,
  "epoch": 3,
  "total_epochs": 6,
  "global_step": 81,
  "total_optimizer_steps": 162,
  "best_metric": 0.5789473684210527,
  "best_epoch": 1,
  "patience_counter": 2,
  "current_train_loss": 0.6236178298738755,
  "current_val_metrics": {
    "epoch": 3,
    "train_loss": 0.6236178298738755,
    "train_pointwise_loss": 0.3890203602981289,
    "train_pairwise_loss": 0.42910765041149174,
    "val_auc": 0.7816631504922644,
    "val_accuracy": 0.711484593837535,
    "val_f1": 0.4607329842931937,
    "val_precision": 0.6197183098591549,
    "val_recall": 0.36666666666666664,
    "val_n": 357,
    "val_loss": 0.5361080735921859,
    "val_pairwise_accuracy": 0.47368421052631576,
    "val_pairwise_mean_margin": 1.5339901572779606,
    "val_pairwise_n": 38
  }
}