{
  "status": "completed",
  "elapsed_sec": 1098.101555109024,
  "epoch": 3,
  "total_epochs": 4,
  "global_step": 87,
  "total_optimizer_steps": 116,
  "best_metric": 0.7926160337552743,
  "best_epoch": 1,
  "patience_counter": 2,
  "current_train_loss": 0.5192417418219003,
  "current_val_metrics": {
    "epoch": 3,
    "train_loss": 0.5192417418219003,
    "train_pointwise_loss": 0.39534998695469564,
    "train_pairwise_loss": 0.49556701849945184,
    "val_auc": 0.7882383966244726,
    "val_accuracy": 0.711484593837535,
    "val_f1": 0.4607329842931937,
    "val_precision": 0.6197183098591549,
    "val_recall": 0.36666666666666664,
    "val_n": 357,
    "val_loss": 0.5409751034445233,
    "val_pairwise_accuracy": 0.6129032258064516,
    "val_pairwise_mean_margin": 1.1911069808467742,
    "val_pairwise_n": 124
  }
}